EmployeeID,AbsenceDays
1,29
2,25
3,19
4,26
5,16
6,24
7,29
8,18
9,31
10,27
11,20
12,20
13,32
14,26
15,20
16,24
17,34
18,15
19,29
20,30
21,29
22,28
23,29
24,19
25,30
26,20
27,22
28,25
29,18
30,31
31,23
32,19
33,27
34,18
35,21
36,29
37,19
38,31
39,34
40,22
41,17
42,26
43,19
44,21
45,17
46,21
47,26
48,24
49,34
50,33
51,19
52,24
53,22
54,25
55,17
56,24
57,16
58,34
59,18
60,22
61,17
62,22
63,30
64,18
65,24
66,14
67,29
68,34
69,33
70,15
71,19
72,18
73,26
74,30
75,29
76,23
77,19
78,30
79,31
80,22
81,29
82,17
83,25
84,19
85,23
86,17
87,28
88,24
89,22
90,22
91,24
92,28
93,33
94,30
95,28
96,14
97,16
98,18
99,22
100,17
101,29
102,23
103,26
104,28
105,32
106,30
107,30
108,33
109,28
110,31
111,27
112,15
113,31
114,16
115,25
116,27
117,29
118,21
119,33
120,27
121,26
122,25
123,31
124,30
125,21
126,30
127,25
128,21
129,21
130,31
131,26
132,16
133,26
134,23
135,34
136,27
137,29
138,34
139,23
140,29
141,28
142,29
143,16
144,22
145,16
146,20
147,25
148,25
149,18
150,24
151,26
152,28
153,31
154,29
155,24
156,23
157,25
158,34
159,24
160,31
161,34
162,27
163,19
164,24
165,27
166,22
167,30
168,18
169,21
170,30
171,31
172,19
173,27
174,20
175,27
176,27
177,25
178,27
179,17
180,20
181,19
182,33
183,24
184,25
185,17
186,27
187,30
188,27
189,31
190,28
191,17
192,19
193,19
194,25
195,35
196,17
197,33
198,20
199,27
200,20
201,22
202,31
203,32
204,33
205,24
206,28
207,21
208,33
209,22
210,20
211,17
212,20
213,19
214,22
215,24
216,20
217,30
218,19
219,29
220,17
221,34
222,15
223,28
224,30
225,22
226,22
227,27
228,22
229,18
230,19
231,26
232,16
233,19
234,18
235,24
236,33
237,28
238,22
239,31
240,30
241,34
242,26
243,19
244,24
245,26
246,22
247,33
248,17
249,23
250,27
251,24
252,19
253,33
254,24
255,31
256,23
257,15
258,30
259,27
260,20
261,19
262,32
263,31
264,27
265,32
266,15
267,29
268,20
269,28
270,27
271,15
272,28
273,30
274,31
275,30
276,19
277,31
278,34
279,24
280,24
281,28
282,34
283,32
284,23
285,32
286,20
287,32
288,28
289,18
290,22
291,25
292,18
293,30
294,20
295,28
296,27
297,17
298,32
299,34
300,30
301,34
302,24
303,23
304,31
305,23
306,29
307,26
308,29
309,29
310,17
311,22
312,29
313,19
314,29
315,21
316,31
317,22
318,17
319,23
320,18
321,19
322,30
323,17
324,33
325,18
326,32
327,19
328,24
329,20
330,24
331,25
332,13
333,20
334,19
335,23
336,33
337,28
338,29
339,24
340,29
341,31
342,33
343,30
344,29
345,16
346,30
347,18
348,19
349,26
350,30
351,33
352,30
353,27
354,23
355,17
356,19
357,31
358,16
359,30
360,22
361,23
362,20
363,30
364,26
365,27
366,31
367,16
368,24
369,19
370,27
371,20
372,34
373,29
374,20
375,31
376,19
377,18
378,32
379,30
380,32
381,24
382,20
383,31
384,26
385,25
386,22
387,21
388,19
389,28
390,25
391,26
392,17
393,27
394,17
395,24
396,33
397,16
398,26
399,14
400,24
401,22
402,34
403,17
404,20
405,27
406,16
407,17
408,24
409,20
410,30
411,25
412,22
413,22
414,15
415,33
416,23
417,22
418,18
419,23
420,29
421,22
422,17
423,22
424,17
425,19
426,28
427,35
428,20
429,28
430,23
431,20
432,19
433,30
434,16
435,26
436,24
437,17
438,35
439,24
440,32
441,24
442,23
443,31
444,19
445,32
446,33
447,24
448,31
449,24
450,26
451,19
452,23
453,29
454,25
455,17
456,20
457,31
458,20
459,30
460,28
461,19
462,19
463,26
464,18
465,17
466,19
467,17
468,29
469,19
470,26
471,31
472,21
473,28
474,20
475,33
476,31
477,33
478,18
479,30
480,23
481,24
482,18
483,23
484,33
485,25
486,16
487,27
488,25
489,34
490,33
491,28
492,25
493,17
494,33
495,20
496,21
497,26
498,18
499,23
500,18
501,20
502,17
503,19
504,27
505,30
506,17
507,19
508,23
509,27
510,31
511,35
512,16
513,27
514,24
515,28
516,29
517,34
518,20
519,18
520,32
521,22
522,19
523,28
524,30
525,18
526,24
527,31
528,23
529,18
530,30
531,18
532,20
533,28
534,27
535,32
536,15
537,27
538,16
539,21
540,28
541,27
542,17
543,26
544,15
545,18
546,32
547,33
548,29
549,19
550,14
551,31
552,24
553,23
554,29
555,17
556,28
557,18
558,25
559,28
560,31
561,33
562,33
563,32
564,31
565,31
566,29
567,15
568,16
569,35
570,25
571,27
572,27
573,23
574,30
575,17
576,28
577,31
578,19
579,22
580,27
581,30
582,30
583,34
584,33
585,23
586,18
587,20
588,20
589,24
590,18
591,21
592,19
593,33
594,35
595,23
596,22
597,17
598,18
599,27
600,30
601,18
602,24
603,24
604,25
605,29
606,24
607,21
608,27
609,35
610,22
611,35
612,24
613,25
614,34
615,35
616,32
617,19
618,24
619,23
620,31
621,21
622,22
623,26
624,27
625,23
626,27
627,31
628,17
629,23
630,16
631,17
632,28
633,22
634,27
635,25
636,31
637,17
638,21
639,25
640,21
641,23
642,32
643,18
644,19
645,30
646,16
647,20
648,23
649,23
650,28
651,27
652,28
653,34
654,17
655,16
656,30
657,21
658,20
659,23
660,21
661,15
662,27
663,21
664,31
665,26
666,26
667,15
668,27
669,30
670,14
671,24
672,29
673,32
674,17
675,27
676,28
677,29
678,34
679,20
680,17
681,33
682,23
683,19
684,24
685,21
686,25
687,24
688,28
689,22
690,23
691,17
692,17
693,31
694,29
695,26
696,32
697,22
698,33
699,29
700,21
701,22
702,17
703,26
704,27
705,23
706,24
707,32
708,34
709,32
710,33
711,27
712,19
713,22
714,34
715,17
716,32
717,24
718,18
719,26
720,27
721,25
722,27
723,23
724,20
725,35
726,28
727,27
728,22
729,14
730,32
731,23
732,23
733,21
734,29
735,22
736,20
737,24
738,23
739,30
740,20
741,36
742,24
743,26
744,31
745,31
746,33
747,32
748,20
749,23
750,32
751,31
752,15
753,28
754,27
755,21
756,16
757,25
758,33
759,27
760,18
761,23
762,16
763,24
764,24
765,28
766,29
767,20
768,25
769,24
770,34
771,18
772,31
773,20
774,23
775,18
776,32
777,26
778,35
779,18
780,27
781,26
782,27
783,19
784,28
785,31
786,27
787,20
788,21
789,17
790,23
791,25
792,22
793,34
794,27
795,31
796,31
797,25
798,32
799,17
800,18
801,19
802,34
803,28
804,22
805,18
806,18
807,19
808,26
809,17
810,21
811,17
812,21
813,34
814,28
815,17
816,31
817,30
818,22
819,33
820,20
821,32
822,33
823,20
824,32
825,27
826,31
827,27
828,31
829,25
830,29
831,21
832,30
833,23
834,28
835,22
836,17
837,18
838,19
839,17
840,19
841,19
842,24
843,29
844,20
845,17
846,24
847,20
848,27
849,32
850,22
851,17
852,28
853,29
854,17
855,18
856,27
857,29
858,22
859,27
860,33
861,22
862,25
863,29
864,30
865,24
866,33
867,16
868,24
869,21
870,21
871,26
872,18
873,17
874,29
875,26
876,33
877,28
878,20
879,24
880,24
881,18
882,29
883,18
884,28
885,15
886,28
887,28
888,16
889,22
890,22
891,31
892,18
893,26
894,21
895,26
896,18
897,19
898,35
899,31
900,31
901,22
902,29
903,19
904,28
905,21
906,30
907,21
908,29
909,33
910,25
911,22
912,31
913,18
914,17
915,26
916,28
917,28
918,28
919,22
920,21
921,28
922,28
923,33
924,19
925,20
926,23
927,31
928,19
929,31
930,19
931,18
932,34
933,33
934,19
935,26
936,20
937,27
938,23
939,20
940,20
941,24
942,33
943,28
944,21
945,22
946,27
947,24
948,20
949,16
950,15
951,29
952,28
953,30
954,18
955,29
956,16
957,22
958,28
959,21
960,22
961,30
962,30
963,30
964,24
965,24
966,24
967,16
968,34
969,35
970,33
971,30
972,24
973,29
974,17
975,35
976,32
977,26
978,30
979,22
980,19
981,26
982,23
983,14
984,16
985,18
986,21
987,24
988,26
989,31
990,31
991,32
992,32
993,21
994,30
995,24
996,33
997,15
998,33
999,16
1000,19
1001,35
1002,22
1003,33
1004,26
1005,21
1006,27
1007,29
1008,29
1009,22
1010,22
1011,29
1012,27
1013,17
1014,26
1015,25
1016,18
1017,29
1018,24
1019,19
1020,16
1021,21
1022,31
1023,33
1024,32
1025,16
1026,32
1027,22
1028,18
1029,31
1030,30
1031,24
1032,17
1033,31
1034,18
1035,22
1036,35
1037,26
1038,17
1039,20
1040,31
1041,16
1042,28
1043,29
1044,18
1045,33
1046,26
1047,24
1048,32
1049,26
1050,31
1051,23
1052,22
1053,21
1054,26
1055,26
1056,18
1057,29
1058,26
1059,31
1060,19
1061,24
1062,31
1063,24
1064,35
1065,23
1066,28
1067,30
1068,20
1069,24
1070,23
1071,32
1072,26
1073,19
1074,24
1075,27
1076,31
1077,23
1078,21
1079,25
1080,34
1081,33
1082,18
1083,29
1084,25
1085,30
1086,27
1087,28
1088,18
1089,19
1090,34
1091,17
1092,23
1093,30
1094,18
1095,20
1096,26
1097,30
1098,33
1099,32
1100,29
1101,30
1102,22
1103,25
1104,33
1105,23
1106,32
1107,24
1108,31
1109,31
1110,33
1111,17
1112,16
1113,29
1114,30
1115,31
1116,15
1117,15
1118,26
1119,26
1120,26
1121,18
1122,20
1123,19
1124,29
1125,14
1126,19
1127,27
1128,24
1129,19
1130,21
1131,17
1132,24
1133,34
1134,18
1135,31
1136,18
1137,19
1138,29
1139,16
1140,31
1141,20
1142,17
1143,31
1144,26
1145,19
1146,32
1147,32
1148,23
1149,15
1150,20
1151,24
1152,20
1153,21
1154,34
1155,35
1156,28
1157,29
1158,29
1159,26
1160,31
1161,19
1162,17
1163,27
1164,19
1165,25
1166,33
1167,20
1168,20
1169,17
1170,33
1171,24
1172,28
1173,31
1174,26
1175,20
1176,18
1177,17
1178,29
1179,22
1180,17
1181,33
1182,18
1183,25
1184,30
1185,14
1186,17
1187,30
1188,26
1189,31
1190,32
1191,21
1192,26
1193,26
1194,20
1195,27
1196,27
1197,32
1198,25
1199,28
1200,26
1201,23
1202,19
1203,19
1204,19
1205,26
1206,26
1207,22
1208,21
1209,25
1210,32
1211,25
1212,32
1213,29
1214,25
1215,15
1216,24
1217,25
1218,27
1219,28
1220,20
1221,18
1222,19
1223,25
1224,26
1225,34
1226,33
1227,27
1228,30
1229,27
1230,26
1231,24
1232,21
1233,18
1234,32
1235,23
1236,32
1237,29
1238,33
1239,30
1240,19
1241,20
1242,31
1243,20
1244,20
1245,18
1246,29
1247,17
1248,27
1249,18
1250,19
1251,31
1252,23
1253,22
1254,32
1255,18
1256,22
1257,32
1258,32
1259,27
1260,30
1261,17
1262,31
1263,29
1264,25
1265,23
1266,24
1267,20
1268,16
1269,29
1270,28
1271,21
1272,27
1273,32
1274,27
1275,27
1276,26
1277,18
1278,19
1279,34
1280,21
1281,20
1282,18
1283,31
1284,25
1285,31
1286,20
1287,31
1288,19
1289,25
1290,25
1291,16
1292,23
1293,27
1294,29
1295,23
1296,33
1297,19
1298,20
1299,32
1300,23
1301,18
1302,19
1303,31
1304,25
1305,25
1306,25
1307,20
1308,20
1309,26
1310,19
1311,30
1312,18
1313,14
1314,27
1315,15
1316,24
1317,30
1318,27
1319,28
1320,20
1321,20
1322,19
1323,22
1324,23
1325,31
1326,23
1327,24
1328,29
1329,23
1330,23
1331,23
1332,26
1333,30
1334,18
1335,29
1336,21
1337,28
1338,25
1339,27
1340,22
1341,25
1342,21
1343,29
1344,22
1345,16
1346,32
1347,23
1348,25
1349,21
1350,16
1351,25
1352,30
1353,19
1354,31
1355,15
1356,26
1357,20
1358,33
1359,33
1360,19
1361,26
1362,19
1363,33
1364,29
1365,29
1366,31
1367,26
1368,25
1369,15
1370,15
1371,33
1372,29
1373,18
1374,23
1375,30
1376,15
1377,18
1378,28
1379,30
1380,29
1381,26
1382,29
1383,27
1384,31
1385,29
1386,26
1387,28
1388,17
1389,30
1390,30
1391,26
1392,22
1393,24
1394,21
1395,16
1396,31
1397,23
1398,16
1399,25
1400,26
1401,34
1402,29
1403,33
1404,25
1405,22
1406,23
1407,33
1408,23
1409,32
1410,33
1411,35
1412,22
1413,30
1414,15
1415,29
1416,24
1417,26
1418,19
1419,21
1420,30
1421,35
1422,32
1423,24
1424,24
1425,34
1426,24
1427,31
1428,29
1429,29
1430,21
1431,32
1432,30
1433,16
1434,19
1435,21
1436,28
1437,18
1438,21
1439,19
1440,23
1441,19
1442,22
1443,22
1444,27
1445,30
1446,29
1447,30
1448,29
1449,21
1450,25
1451,16
1452,21
1453,23
1454,21
1455,18
1456,20
1457,26
1458,25
1459,33
1460,26
1461,27
1462,33
1463,30
1464,29
1465,22
1466,19
1467,25
1468,18
1469,15
1470,33
1471,28
1472,30
1473,20
1474,30
1475,32
1476,28
1477,33
1478,24
1479,33
1480,28
1481,31
1482,28
1483,20
1484,19
1485,31
1486,18
1487,25
1488,24
1489,30
1490,19
1491,20
1492,21
1493,24
1494,31
1495,21
1496,29
1497,24
1498,28
1499,30
1500,19
1501,28
1502,17
1503,19
1504,32
1505,26
1506,14
1507,18
1508,23
1509,29
1510,29
1511,29
1512,31
1513,31
1514,23
1515,18
1516,28
1517,29
1518,30
1519,32
1520,34
1521,24
1522,16
1523,32
1524,19
1525,20
1526,27
1527,22
1528,18
1529,19
1530,20
1531,16
1532,31
1533,17
1534,27
1535,32
1536,31
1537,26
1538,29
1539,26
1540,26
1541,29
1542,15
1543,31
1544,28
1545,35
1546,21
1547,17
1548,24
1549,15
1550,25
1551,25
1552,36
1553,21
1554,16
1555,32
1556,30
1557,32
1558,20
1559,16
1560,23
1561,32
1562,24
1563,30
1564,18
1565,28
1566,24
1567,24
1568,26
1569,19
1570,19
1571,20
1572,28
1573,22
1574,24
1575,23
1576,19
1577,21
1578,18
1579,29
1580,16
1581,30
1582,31
1583,20
1584,20
1585,20
1586,35
1587,26
1588,31
1589,22
1590,34
1591,25
1592,31
1593,26
1594,31
1595,33
1596,30
1597,33
1598,24
1599,22
1600,24
1601,29
1602,18
1603,33
1604,28
1605,23
1606,16
1607,17
1608,20
1609,31
1610,24
1611,27
1612,33
1613,28
1614,29
1615,32
1616,29
1617,20
1618,28
1619,29
1620,27
1621,19
1622,17
1623,22
1624,24
1625,28
1626,24
1627,16
1628,19
1629,25
1630,24
1631,32
1632,28
1633,27
1634,16
1635,22
1636,22
1637,22
1638,27
1639,35
1640,34
1641,30
1642,23
1643,29
1644,19
1645,20
1646,16
1647,18
1648,20
1649,24
1650,21
1651,24
1652,18
1653,19
1654,15
1655,30
1656,26
1657,28
1658,19
1659,31
1660,31
1661,28
1662,21
1663,17
1664,26
1665,33
1666,18
1667,29
1668,23
1669,32
1670,16
1671,22
1672,29
1673,26
1674,19
1675,34
1676,17
1677,19
1678,28
1679,34
1680,31
1681,17
1682,26
1683,29
1684,33
1685,30
1686,17
1687,26
1688,33
1689,19
1690,19
1691,18
1692,29
1693,30
1694,26
1695,34
1696,15
1697,22
1698,30
1699,18
1700,22
1701,22
1702,23
1703,28
1704,27
1705,27
1706,16
1707,31
1708,20
1709,30
1710,23
1711,23
1712,30
1713,16
1714,32
1715,21
1716,33
1717,21
1718,30
1719,30
1720,34
1721,27
1722,21
1723,29
1724,21
1725,32
1726,20
1727,24
1728,18
1729,20
1730,18
1731,18
1732,22
1733,22
1734,26
1735,22
1736,28
1737,22
1738,19
1739,19
1740,19
1741,30
1742,31
1743,23
1744,16
1745,30
1746,23
1747,28
1748,18
1749,31
1750,23
1751,22
1752,34
1753,20
1754,25
1755,32
1756,23
1757,31
1758,16
1759,36
1760,17
1761,29
1762,29
1763,17
1764,23
1765,22
1766,15
1767,18
1768,15
1769,31
1770,25
1771,16
1772,16
1773,29
1774,34
1775,17
1776,21
1777,30
1778,16
1779,26
1780,29
1781,31
1782,21
1783,30
1784,34
1785,25
1786,27
1787,30
1788,31
1789,19
1790,30
1791,15
1792,26
1793,23
1794,31
1795,25
1796,31
1797,30
1798,16
1799,28
1800,25
1801,20
1802,15
1803,32
1804,31
1805,27
1806,19
1807,29
1808,21
1809,18
1810,27
1811,28
1812,30
1813,17
1814,22
1815,16
1816,28
1817,27
1818,30
1819,31
1820,31
1821,17
1822,25
1823,16
1824,32
1825,17
1826,22
1827,30
1828,31
1829,22
1830,27
1831,31
1832,33
1833,32
1834,23
1835,31
1836,28
1837,23
1838,33
1839,20
1840,26
1841,19
1842,18
1843,35
1844,14
1845,18
1846,28
1847,25
1848,29
1849,23
1850,34
1851,26
1852,25
1853,26
1854,24
1855,19
1856,24
1857,31
1858,15
1859,35
1860,19
1861,19
1862,20
1863,30
1864,30
1865,22
1866,35
1867,24
1868,20
1869,28
1870,18
1871,29
1872,30
1873,22
1874,21
1875,19
1876,32
1877,29
1878,16
1879,22
1880,28
1881,17
1882,20
1883,33
1884,29
1885,33
1886,18
1887,27
1888,30
1889,15
1890,32
1891,28
1892,23
1893,24
1894,24
1895,20
1896,30
1897,31
1898,26
1899,29
1900,32
1901,25
1902,28
1903,27
1904,25
1905,23
1906,21
1907,21
1908,34
1909,21
1910,15
1911,30
1912,17
1913,18
1914,32
1915,19
1916,20
1917,34
1918,27
1919,30
1920,22
1921,19
1922,25
1923,29
1924,15
1925,30
1926,34
1927,27
1928,19
1929,32
1930,17
1931,17
1932,21
1933,29
1934,19
1935,30
1936,17
1937,24
1938,15
1939,24
1940,33
1941,23
1942,21
1943,17
1944,32
1945,19
1946,28
1947,29
1948,26
1949,31
1950,17
1951,16
1952,21
1953,28
1954,28
1955,31
1956,17
1957,20
1958,18
1959,27
1960,19
1961,28
1962,21
1963,27
1964,32
1965,22
1966,29
1967,27
1968,24
1969,27
1970,28
1971,18
1972,18
1973,31
1974,32
1975,19
1976,15
1977,19
1978,21
1979,15
1980,31
1981,35
1982,24
1983,21
1984,32
1985,24
1986,28
1987,19
1988,25
1989,27
1990,28
1991,18
1992,28
1993,19
1994,19
1995,18
1996,16
1997,22
1998,28
1999,20
2000,21
2001,19
2002,32
2003,18
2004,25
2005,20
2006,20
2007,23
2008,17
2009,27
2010,28
2011,16
2012,21
2013,24
2014,27
2015,25
2016,18
2017,27
2018,22
2019,32
2020,22
2021,19
2022,29
2023,35
2024,30
2025,19
2026,32
2027,18
2028,30
2029,18
2030,22
2031,20
2032,24
2033,34
2034,22
2035,19
2036,21
2037,30
2038,22
2039,30
2040,17
2041,33
2042,15
2043,27
2044,20
2045,15
2046,30
2047,24
2048,18
2049,18
2050,23
2051,19
2052,30
2053,34
2054,33
2055,30
2056,29
2057,25
2058,26
2059,17
2060,24
2061,25
2062,21
2063,22
2064,20
2065,28
2066,24
2067,27
2068,34
2069,21
2070,18
2071,36
2072,28
2073,28
2074,32
2075,31
2076,16
2077,21
2078,29
2079,17
2080,28
2081,22
2082,21
2083,17
2084,33
2085,34
2086,31
2087,28
2088,17
2089,17
2090,21
2091,16
2092,21
2093,22
2094,22
2095,32
2096,21
2097,29
2098,29
2099,22
2100,29
2101,19
2102,27
2103,26
2104,19
2105,23
2106,23
2107,29
2108,17
2109,23
2110,19
2111,25
2112,29
2113,24
2114,33
2115,20
2116,24
2117,29
2118,19
2119,21
2120,31
2121,14
2122,20
2123,26
2124,33
2125,27
2126,16
2127,28
2128,22
2129,29
2130,24
2131,28
2132,18
2133,33
2134,18
2135,33
2136,29
2137,16
2138,16
2139,32
2140,19
2141,33
2142,29
2143,25
2144,25
2145,27
2146,35
2147,23
2148,27
2149,24
2150,25
2151,31
2152,25
2153,30
2154,18
2155,29
2156,19
2157,27
2158,23
2159,29
2160,17
2161,29
2162,16
2163,24
2164,16
2165,32
2166,24
2167,15
2168,30
2169,20
2170,29
2171,25
2172,21
2173,26
2174,14
2175,19
2176,25
2177,18
2178,36
2179,26
2180,25
2181,23
2182,31
2183,18
2184,34
2185,18
2186,31
2187,27
2188,18
2189,16
2190,23
2191,22
2192,27
2193,18
2194,18
2195,21
2196,20
2197,18
2198,28
2199,29
2200,17
2201,22
2202,25
2203,27
2204,14
2205,25
2206,27
2207,25
2208,27
2209,18
2210,31
2211,30
2212,32
2213,21
2214,34
2215,24
2216,17
2217,18
2218,33
2219,17
2220,22
2221,21
2222,25
2223,26
2224,15
2225,24
2226,25
2227,24
2228,17
2229,16
2230,16
2231,35
2232,20
2233,23
2234,31
2235,19
2236,32
2237,29
2238,14
2239,26
2240,18
2241,22
2242,25
2243,33
2244,31
2245,18
2246,18
2247,21
2248,29
2249,15
2250,24
2251,22
2252,27
2253,22
2254,16
2255,30
2256,33
2257,21
2258,32
2259,29
2260,30
2261,18
2262,30
2263,20
2264,25
2265,22
2266,29
2267,33
2268,36
2269,21
2270,32
2271,28
2272,34
2273,20
2274,19
2275,27
2276,25
2277,30
2278,18
2279,31
2280,30
2281,28
2282,25
2283,26
2284,31
2285,32
2286,17
2287,19
2288,31
2289,31
2290,26
2291,19
2292,26
2293,18
2294,20
2295,21
2296,20
2297,20
2298,33
2299,26
2300,21
2301,19
2302,25
2303,25
2304,20
2305,33
2306,27
2307,32
2308,15
2309,20
2310,21
2311,17
2312,33
2313,16
2314,24
2315,26
2316,25
2317,32
2318,18
2319,33
2320,18
2321,32
2322,34
2323,27
2324,20
2325,17
2326,17
2327,31
2328,33
2329,34
2330,35
2331,22
2332,17
2333,23
2334,27
2335,23
2336,24
2337,33
2338,23
2339,24
2340,34
2341,28
2342,20
2343,29
2344,35
2345,23
2346,25
2347,34
2348,33
2349,23
2350,19
2351,29
2352,26
2353,21
2354,30
2355,22
2356,19
2357,32
2358,13
2359,36
2360,17
2361,35
2362,29
2363,31
2364,25
2365,22
2366,32
2367,29
2368,35
2369,28
2370,31
2371,17
2372,26
2373,17
2374,18
2375,27
2376,31
2377,32
2378,32
2379,21
2380,14
2381,19
2382,18
2383,31
2384,16
2385,17
2386,18
2387,33
2388,32
2389,31
2390,26
2391,31
2392,25
2393,27
2394,22
2395,21
2396,22
2397,32
2398,28
2399,25
2400,18
2401,19
2402,33
2403,19
2404,19
2405,15
2406,26
2407,29
2408,20
2409,30
2410,18
2411,18
2412,19
2413,22
2414,32
2415,19
2416,27
2417,20
2418,32
2419,23
2420,32
2421,22
2422,29
2423,18
2424,27
2425,17
2426,27
2427,19
2428,25
2429,33
2430,26
2431,30
2432,31
2433,22
2434,24
2435,26
2436,32
2437,18
2438,33
2439,26
2440,26
2441,32
2442,14
2443,19
2444,30
2445,31
2446,34
2447,34
2448,20
2449,14
2450,17
2451,21
2452,19
2453,17
2454,22
2455,30
2456,16
2457,33
2458,22
2459,18
2460,16
2461,18
2462,32
2463,22
2464,17
2465,23
2466,23
2467,20
2468,16
2469,30
2470,32
2471,28
2472,35
2473,29
2474,24
2475,29
2476,28
2477,32
2478,20
2479,31
2480,21
2481,27
2482,29
2483,33
2484,28
2485,27
2486,17
2487,26
2488,28
2489,27
2490,26
2491,26
2492,29
2493,22
2494,20
2495,29
2496,26
2497,28
2498,22
2499,19
2500,23
2501,18
2502,32
2503,30
2504,21
2505,30
2506,30
2507,33
2508,21
2509,27
2510,23
2511,26
2512,17
2513,21
2514,17
2515,22
2516,26
2517,29
2518,35
2519,32
2520,18
2521,18
2522,24
2523,16
2524,32
2525,23
2526,15
2527,35
2528,20
2529,18
2530,16
2531,18
2532,32
2533,22
2534,27
2535,24
2536,27
2537,15
2538,28
2539,19
2540,33
2541,35
2542,24
2543,34
2544,32
2545,32
2546,21
2547,25
2548,30
2549,35
2550,20
2551,18
2552,19
2553,31
2554,18
2555,30
2556,19
2557,31
2558,19
2559,23
2560,30
2561,33
2562,20
2563,30
2564,18
2565,29
2566,30
2567,21
2568,25
2569,28
2570,31
2571,22
2572,17
2573,33
2574,18
2575,18
2576,23
2577,24
2578,17
2579,31
2580,16
2581,17
2582,22
2583,24
2584,29
2585,18
2586,23
2587,26
2588,26
2589,21
2590,23
2591,26
2592,29
2593,25
2594,32
2595,18
2596,21
2597,29
2598,21
2599,34
2600,29
2601,28
2602,22
2603,28
2604,27
2605,21
2606,30
2607,17
2608,25
2609,26
2610,32
2611,29
2612,31
2613,22
2614,24
2615,19
2616,18
2617,28
2618,32
2619,31
2620,19
2621,31
2622,31
2623,20
2624,25
2625,20
2626,31
2627,26
2628,26
2629,20
2630,20
2631,18
2632,24
2633,24
2634,28
2635,19
2636,18
2637,26
2638,24
2639,20
2640,18
2641,31
2642,21
2643,31
2644,19
2645,22
2646,29
2647,18
2648,15
2649,29
2650,35
2651,28
2652,32
2653,23
2654,27
2655,28
2656,25
2657,25
2658,25
2659,30
2660,19
2661,23
2662,24
2663,20
2664,17
2665,26
2666,21
2667,28
2668,28
2669,16
2670,31
2671,33
2672,23
2673,35
2674,27
2675,28
2676,26
2677,33
2678,17
2679,17
2680,22
2681,27
2682,30
2683,24
2684,33
2685,30
2686,30
2687,19
2688,24
2689,22
2690,27
2691,20
2692,34
2693,25
2694,29
2695,22
2696,29
2697,18
2698,32
2699,28
2700,17
2701,23
2702,23
2703,26
2704,33
2705,17
2706,30
2707,16
2708,20
2709,18
2710,27
2711,23
2712,24
2713,23
2714,23
2715,19
2716,23
2717,19
2718,17
2719,22
2720,25
2721,31
2722,26
2723,23
2724,22
2725,19
2726,30
2727,18
2728,22
2729,26
2730,31
2731,30
2732,23
2733,27
2734,20
2735,24
2736,27
2737,21
2738,16
2739,31
2740,16
2741,34
2742,27
2743,27
2744,33
2745,16
2746,21
2747,23
2748,31
2749,21
2750,23
2751,28
2752,21
2753,25
2754,19
2755,22
2756,26
2757,25
2758,18
2759,34
2760,32
2761,33
2762,28
2763,30
2764,29
2765,33
2766,21
2767,34
2768,24
2769,19
2770,19
2771,19
2772,26
2773,21
2774,14
2775,28
2776,17
2777,26
2778,25
2779,24
2780,31
2781,17
2782,21
2783,16
2784,32
2785,28
2786,18
2787,28
2788,26
2789,14
2790,23
2791,31
2792,31
2793,19
2794,29
2795,28
2796,30
2797,34
2798,32
2799,32
2800,16
2801,29
2802,17
2803,24
2804,30
2805,25
2806,25
2807,28
2808,33
2809,23
2810,22
2811,30
2812,26
2813,16
2814,32
2815,21
2816,18
2817,27
2818,16
2819,23
2820,25
2821,20
2822,32
2823,19
2824,27
2825,32
2826,18
2827,30
2828,31
2829,27
2830,26
2831,26
2832,23
2833,25
2834,26
2835,26
2836,19
2837,18
2838,21
2839,33
2840,21
2841,32
2842,33
2843,19
2844,31
2845,28
2846,26
2847,16
2848,18
2849,29
2850,22
2851,18
2852,33
2853,22
2854,32
2855,25
2856,19
2857,19
2858,19
2859,19
2860,21
2861,30
2862,23
2863,20
2864,31
2865,26
2866,32
2867,26
2868,21
2869,31
2870,19
2871,23
2872,18
2873,35
2874,16
2875,23
2876,30
2877,24
2878,24
2879,29
2880,22
2881,36
2882,27
2883,22
2884,16
2885,24
2886,16
2887,31
2888,23
2889,31
2890,30
2891,27
2892,25
2893,17
2894,26
2895,33
2896,22
2897,23
2898,25
2899,22
2900,23
2901,16
2902,22
2903,23
2904,22
2905,29
2906,29
2907,18
2908,25
2909,32
2910,21
2911,24
2912,20
2913,29
2914,28
2915,26
2916,17
2917,31
2918,23
2919,20
2920,31
2921,20
2922,27
2923,21
2924,25
2925,24
2926,23
2927,29
2928,18
2929,35
2930,17
2931,16
2932,27
2933,28
2934,30
2935,18
2936,32
2937,35
2938,20
2939,18
2940,17
2941,30
2942,24
2943,23
2944,29
2945,25
2946,23
2947,25
2948,33
2949,18
2950,19
2951,18
2952,25
2953,21
2954,17
2955,35
2956,23
2957,29
2958,15
2959,27
2960,15
2961,24
2962,32
2963,33
2964,34
2965,34
2966,32
2967,19
2968,32
2969,28
2970,25
2971,17
2972,27
2973,30
2974,24
2975,19
2976,27
2977,24
2978,33
2979,30
2980,20
2981,26
2982,23
2983,23
2984,24
2985,24
2986,20
2987,15
2988,30
2989,23
2990,35
2991,19
2992,27
2993,21
2994,28
2995,20
2996,20
2997,22
2998,30
2999,24
3000,31
3001,17
3002,22
3003,20
3004,26
3005,30
3006,21
3007,36
3008,23
3009,28
3010,26
3011,28
3012,22
3013,31
3014,27
3015,20
3016,34
3017,29
3018,17
3019,24
3020,17
3021,21
3022,27
3023,23
3024,24
3025,16
3026,26
3027,30
3028,22
3029,23
3030,21
3031,31
3032,25
3033,22
3034,30
3035,31
3036,22
3037,30
3038,21
3039,18
3040,26
3041,34
3042,31
3043,34
3044,21
3045,23
3046,21
3047,31
3048,22
3049,25
3050,21
3051,25
3052,13
3053,18
3054,16
3055,16
3056,27
3057,26
3058,22
3059,27
3060,17
3061,29
3062,18
3063,14
3064,35
3065,30
3066,20
3067,26
3068,27
3069,28
3070,26
3071,15
3072,18
3073,26
3074,27
3075,32
3076,26
3077,35
3078,17
3079,28
3080,31
3081,19
3082,21
3083,16
3084,34
3085,24
3086,25
3087,26
3088,24
3089,28
3090,19
3091,21
3092,19
3093,17
3094,25
3095,25
3096,28
3097,20
3098,29
3099,27
3100,29
3101,32
3102,19
3103,28
3104,33
3105,25
3106,21
3107,33
3108,31
3109,32
3110,21
3111,21
3112,30
3113,22
3114,25
3115,31
3116,19
3117,30
3118,20
3119,22
3120,23
3121,24
3122,24
3123,27
3124,33
3125,22
3126,28
3127,24
3128,32
3129,22
3130,22
3131,28
3132,22
3133,16
3134,30
3135,30
3136,24
3137,30
3138,32
3139,20
3140,26
3141,33
3142,32
3143,25
3144,32
3145,19
3146,29
3147,27
3148,28
3149,16
3150,25
3151,24
3152,21
3153,33
3154,28
3155,20
3156,14
3157,19
3158,21
3159,33
3160,24
3161,30
3162,24
3163,19
3164,17
3165,26
3166,27
3167,24
3168,21
3169,17
3170,22
3171,33
3172,24
3173,19
3174,23
3175,24
3176,20
3177,23
3178,31
3179,21
3180,19
3181,32
3182,22
3183,18
3184,24
3185,19
3186,17
3187,31
3188,30
3189,28
3190,20
3191,28
3192,34
3193,31
3194,22
3195,18
3196,17
3197,30
3198,32
3199,32
3200,25
3201,29
3202,27
3203,32
3204,25
3205,23
3206,25
3207,31
3208,33
3209,24
3210,29
3211,23
3212,33
3213,29
3214,33
3215,17
3216,18
3217,27
3218,23
3219,30
3220,33
3221,25
3222,28
3223,19
3224,23
3225,21
3226,29
3227,17
3228,19
3229,20
3230,27
3231,32
3232,31
3233,32
3234,32
3235,19
3236,18
3237,31
3238,20
3239,25
3240,30
3241,26
3242,16
3243,24
3244,27
3245,22
3246,18
3247,29
3248,18
3249,29
3250,21
3251,27
3252,30
3253,18
3254,33
3255,31
3256,32
3257,23
3258,32
3259,26
3260,20
3261,24
3262,20
3263,26
3264,22
3265,27
3266,29
3267,29
3268,17
3269,23
3270,26
3271,32
3272,27
3273,30
3274,18
3275,23
3276,22
3277,31
3278,29
3279,32
3280,21
3281,20
3282,17
3283,25
3284,24
3285,22
3286,20
3287,27
3288,23
3289,19
3290,33
3291,34
3292,18
3293,29
3294,30
3295,30
3296,29
3297,30
3298,29
3299,24
3300,26
3301,24
3302,26
3303,31
3304,27
3305,20
3306,32
3307,14
3308,21
3309,35
3310,25
3311,27
3312,33
3313,17
3314,14
3315,20
3316,23
3317,16
3318,23
3319,18
3320,25
3321,33
3322,29
3323,32
3324,17
3325,23
3326,32
3327,28
3328,26
3329,29
3330,25
3331,18
3332,22
3333,32
3334,20
3335,20
3336,21
3337,30
3338,23
3339,15
3340,19
3341,32
3342,31
3343,18
3344,29
3345,28
3346,20
3347,14
3348,18
3349,30
3350,27
3351,24
3352,27
3353,26
3354,16
3355,35
3356,25
3357,24
3358,20
3359,22
3360,19
3361,23
3362,28
3363,31
3364,30
3365,18
3366,20
3367,30
3368,16
3369,19
3370,19
3371,17
3372,24
3373,33
3374,21
3375,21
3376,18
3377,19
3378,28
3379,27
3380,18
3381,32
3382,35
3383,31
3384,23
3385,30
3386,28
3387,24
3388,31
3389,21
3390,16
3391,33
3392,16
3393,28
3394,22
3395,32
3396,17
3397,20
3398,24
3399,18
3400,18
3401,19
3402,20
3403,27
3404,28
3405,28
3406,19
3407,30
3408,22
3409,20
3410,24
3411,34
3412,30
3413,25
3414,29
3415,17
3416,19
3417,19
3418,18
3419,35
3420,26
3421,32
3422,33
3423,22
3424,29
3425,25
3426,27
3427,31
3428,26
3429,25
3430,26
3431,22
3432,26
3433,15
3434,26
3435,17
3436,18
3437,22
3438,21
3439,19
3440,27
3441,29
3442,26
3443,19
3444,29
3445,22
3446,26
3447,31
3448,33
3449,22
3450,17
3451,18
3452,27
3453,19
3454,21
3455,25
3456,29
3457,26
3458,32
3459,29
3460,23
3461,20
3462,31
3463,28
3464,31
3465,20
3466,20
3467,32
3468,20
3469,25
3470,28
3471,24
3472,18
3473,23
3474,22
3475,20
3476,24
3477,33
3478,24
3479,20
3480,25
3481,15
3482,26
3483,28
3484,26
3485,18
3486,21
3487,27
3488,32
3489,32
3490,19
3491,35
3492,34
3493,31
3494,27
3495,32
3496,24
3497,31
3498,14
3499,32
3500,24
3501,32
3502,24
3503,34
3504,23
3505,26
3506,28
3507,34
3508,17
3509,27
3510,22
3511,20
3512,20
3513,26
3514,30
3515,32
3516,22
3517,28
3518,29
3519,23
3520,26
3521,32
3522,32
3523,34
3524,27
3525,16
3526,28
3527,26
3528,15
3529,27
3530,23
3531,21
3532,29
3533,21
3534,24
3535,31
3536,29
3537,25
3538,32
3539,29
3540,14
3541,20
3542,20
3543,16
3544,29
3545,27
3546,15
3547,17
3548,18
3549,26
3550,27
3551,26
3552,21
3553,16
3554,25
3555,34
3556,23
3557,26
3558,16
3559,32
3560,24
3561,17
3562,16
3563,18
3564,33
3565,22
3566,33
3567,31
3568,18
3569,26
3570,22
3571,20
3572,25
3573,19
3574,18
3575,23
3576,29
3577,18
3578,24
3579,35
3580,32
3581,30
3582,31
3583,32
3584,30
3585,22
3586,27
3587,18
3588,22
3589,24
3590,33
3591,19
3592,22
3593,20
3594,16
3595,25
3596,29
3597,25
3598,21
3599,30
3600,19
3601,25
3602,22
3603,24
3604,28
3605,28
3606,16
3607,28
3608,30
3609,30
3610,26
3611,27
3612,24
3613,33
3614,27
3615,20
3616,24
3617,24
3618,34
3619,25
3620,31
3621,34
3622,26
3623,19
3624,29
3625,27
3626,23
3627,24
3628,14
3629,28
3630,28
3631,26
3632,35
3633,30
3634,16
3635,31
3636,29
3637,26
3638,23
3639,32
3640,23
3641,29
3642,30
3643,20
3644,15
3645,15
3646,17
3647,33
3648,18
3649,26
3650,20
3651,34
3652,30
3653,27
3654,22
3655,18
3656,18
3657,22
3658,22
3659,29
3660,29
3661,28
3662,23
3663,18
3664,19
3665,22
3666,23
3667,35
3668,13
3669,28
3670,34
3671,13
3672,20
3673,32
3674,14
3675,32
3676,21
3677,29
3678,20
3679,19
3680,22
3681,21
3682,33
3683,31
3684,27
3685,26
3686,24
3687,23
3688,25
3689,34
3690,23
3691,23
3692,31
3693,25
3694,25
3695,27
3696,18
3697,31
3698,18
3699,26
3700,19
3701,35
3702,17
3703,17
3704,26
3705,27
3706,28
3707,23
3708,22
3709,34
3710,31
3711,26
3712,20
3713,28
3714,23
3715,21
3716,32
3717,29
3718,27
3719,17
3720,27
3721,17
3722,17
3723,22
3724,32
3725,35
3726,30
3727,33
3728,24
3729,29
3730,33
3731,30
3732,33
3733,22
3734,29
3735,29
3736,21
3737,25
3738,35
3739,28
3740,18
3741,20
3742,19
3743,22
3744,19
3745,29
3746,27
3747,34
3748,25
3749,28
3750,22
3751,32
3752,32
3753,18
3754,34
3755,29
3756,32
3757,22
3758,34
3759,18
3760,26
3761,21
3762,34
3763,29
3764,26
3765,34
3766,25
3767,15
3768,23
3769,13
3770,16
3771,20
3772,24
3773,30
3774,30
3775,18
3776,18
3777,34
3778,18
3779,25
3780,22
3781,33
3782,26
3783,20
3784,19
3785,15
3786,17
3787,30
3788,32
3789,33
3790,26
3791,23
3792,34
3793,16
3794,20
3795,17
3796,24
3797,24
3798,31
3799,18
3800,20
3801,35
3802,18
3803,19
3804,23
3805,33
3806,31
3807,17
3808,26
3809,20
3810,18
3811,23
3812,34
3813,31
3814,18
3815,27
3816,32
3817,22
3818,26
3819,25
3820,29
3821,16
3822,34
3823,16
3824,30
3825,20
3826,32
3827,30
3828,27
3829,30
3830,23
3831,29
3832,23
3833,25
3834,24
3835,16
3836,26
3837,31
3838,25
3839,24
3840,28
3841,17
3842,16
3843,29
3844,24
3845,25
3846,31
3847,27
3848,15
3849,25
3850,20
3851,17
3852,20
3853,29
3854,23
3855,32
3856,28
3857,28
3858,33
3859,26
3860,15
3861,26
3862,18
3863,30
3864,16
3865,29
3866,27
3867,27
3868,19
3869,19
3870,21
3871,31
3872,18
3873,21
3874,27
3875,30
3876,25
3877,20
3878,28
3879,14
3880,29
3881,14
3882,21
3883,26
3884,20
3885,32
3886,29
3887,20
3888,17
3889,20
3890,29
3891,16
3892,21
3893,23
3894,27
3895,22
3896,23
3897,19
3898,20
3899,26
3900,16
3901,28
3902,31
3903,27
3904,34
3905,25
3906,21
3907,22
3908,25
3909,18
3910,31
3911,28
3912,22
3913,20
3914,29
3915,21
3916,31
3917,25
3918,30
3919,14
3920,32
3921,30
3922,30
3923,21
3924,17
3925,32
3926,33
3927,33
3928,20
3929,33
3930,16
3931,33
3932,19
3933,32
3934,29
3935,17
3936,22
3937,22
3938,23
3939,22
3940,30
3941,21
3942,25
3943,30
3944,17
3945,23
3946,22
3947,31
3948,17
3949,19
3950,20
3951,16
3952,17
3953,21
3954,31
3955,24
3956,19
3957,35
3958,25
3959,27
3960,30
3961,19
3962,18
3963,35
3964,22
3965,18
3966,17
3967,29
3968,26
3969,33
3970,20
3971,17
3972,23
3973,32
3974,28
3975,22
3976,27
3977,23
3978,22
3979,20
3980,16
3981,33
3982,29
3983,20
3984,29
3985,26
3986,27
3987,23
3988,24
3989,30
3990,24
3991,30
3992,26
3993,23
3994,33
3995,30
3996,23
3997,22
3998,24
3999,25
4000,21
4001,28
4002,28
4003,22
4004,27
4005,19
4006,33
4007,20
4008,19
4009,24
4010,28
4011,26
4012,22
4013,20
4014,18
4015,30
4016,21
4017,25
4018,23
4019,20
4020,31
4021,26
4022,27
4023,27
4024,32
4025,23
4026,19
4027,15
4028,20
4029,15
4030,29
4031,21
4032,24
4033,24
4034,29
4035,25
4036,28
4037,29
4038,19
4039,23
4040,25
4041,33
4042,16
4043,29
4044,22
4045,31
4046,33
4047,15
4048,25
4049,20
4050,28
4051,22
4052,31
4053,26
4054,21
4055,30
4056,13
4057,19
4058,26
4059,18
4060,35
4061,26
4062,34
4063,21
4064,30
4065,27
4066,27
4067,32
4068,19
4069,22
4070,17
4071,18
4072,25
4073,18
4074,24
4075,32
4076,24
4077,20
4078,29
4079,21
4080,31
4081,18
4082,19
4083,25
4084,19
4085,25
4086,21
4087,31
4088,26
4089,15
4090,35
4091,21
4092,19
4093,22
4094,26
4095,26
4096,26
4097,21
4098,21
4099,16
4100,26
4101,26
4102,18
4103,32
4104,19
4105,23
4106,32
4107,22
4108,32
4109,32
4110,22
4111,26
4112,25
4113,19
4114,23
4115,28
4116,19
4117,24
4118,25
4119,25
4120,22
4121,16
4122,27
4123,18
4124,29
4125,14
4126,24
4127,21
4128,21
4129,17
4130,27
4131,33
4132,25
4133,20
4134,26
4135,20
4136,27
4137,26
4138,29
4139,23
4140,30
4141,32
4142,29
4143,33
4144,20
4145,18
4146,17
4147,31
4148,21
4149,29
4150,30
4151,21
4152,35
4153,27
4154,22
4155,24
4156,17
4157,32
4158,20
4159,26
4160,28
4161,31
4162,27
4163,29
4164,13
4165,25
4166,30
4167,32
4168,27
4169,22
4170,30
4171,25
4172,14
4173,29
4174,27
4175,21
4176,33
4177,23
4178,16
4179,27
4180,32
4181,18
4182,21
4183,26
4184,20
4185,22
4186,20
4187,16
4188,27
4189,32
4190,28
4191,24
4192,22
4193,20
4194,22
4195,30
4196,33
4197,29
4198,23
4199,20
4200,34
4201,25
4202,20
4203,26
4204,29
4205,22
4206,25
4207,28
4208,22
4209,27
4210,30
4211,26
4212,32
4213,30
4214,22
4215,20
4216,17
4217,32
4218,21
4219,29
4220,31
4221,34
4222,15
4223,22
4224,17
4225,35
4226,20
4227,25
4228,31
4229,24
4230,23
4231,30
4232,17
4233,22
4234,25
4235,29
4236,23
4237,22
4238,19
4239,30
4240,18
4241,21
4242,34
4243,18
4244,24
4245,22
4246,16
4247,22
4248,31
4249,22
4250,25
4251,21
4252,33
4253,18
4254,28
4255,20
4256,27
4257,20
4258,28
4259,17
4260,19
4261,32
4262,21
4263,30
4264,26
4265,22
4266,30
4267,31
4268,28
4269,30
4270,26
4271,17
4272,23
4273,24
4274,22
4275,17
4276,18
4277,19
4278,17
4279,24
4280,20
4281,33
4282,17
4283,24
4284,27
4285,33
4286,33
4287,19
4288,27
4289,28
4290,20
4291,28
4292,25
4293,31
4294,18
4295,18
4296,19
4297,32
4298,21
4299,30
4300,21
4301,21
4302,35
4303,24
4304,22
4305,26
4306,27
4307,16
4308,31
4309,31
4310,21
4311,23
4312,23
4313,31
4314,24
4315,29
4316,23
4317,13
4318,21
4319,26
4320,25
4321,34
4322,30
4323,23
4324,24
4325,24
4326,28
4327,30
4328,28
4329,23
4330,33
4331,17
4332,31
4333,16
4334,33
4335,26
4336,31
4337,23
4338,20
4339,25
4340,22
4341,26
4342,28
4343,34
4344,26
4345,19
4346,30
4347,28
4348,20
4349,21
4350,22
4351,26
4352,27
4353,21
4354,14
4355,23
4356,15
4357,32
4358,34
4359,32
4360,18
4361,31
4362,29
4363,31
4364,23
4365,26
4366,28
4367,28
4368,18
4369,31
4370,23
4371,26
4372,18
4373,19
4374,18
4375,14
4376,23
4377,31
4378,29
4379,26
4380,23
4381,29
4382,22
4383,19
4384,34
4385,31
4386,29
4387,28
4388,24
4389,31
4390,17
4391,24
4392,21
4393,21
4394,34
4395,18
4396,23
4397,30
4398,20
4399,34
4400,34
4401,17
4402,17
4403,23
4404,31
4405,18
4406,18
4407,20
4408,30
4409,20
4410,29
